name,address
avinash1,bamni1
avinash2,bamni2
avinash3,bamni3
avinash4,bamni4
avinash5,bamni5
avinash6,bamni6
avinash7,bamni7
avinash8,bamni8
avinash9,bamni9
avinash10,bamni10
avinash11,bamni11
avinash12,bamni12
avinash13,bamni13
avinash14,bamni14
avinash15,bamni15
avinash16,bamni16
avinash17,bamni17
avinash18,bamni18
avinash19,bamni19
avinash20,bamni20
avinash21,bamni21
avinash22,bamni22
avinash23,bamni23
avinash24,bamni24
avinash25,bamni25
avinash26,bamni26
avinash27,bamni27
avinash28,bamni28
avinash29,bamni29
avinash30,bamni30
avinash31,bamni31
avinash32,bamni32
avinash33,bamni33
avinash34,bamni34
avinash35,bamni35
avinash36,bamni36
avinash37,bamni37
avinash38,bamni38
avinash39,bamni39
avinash40,bamni40
avinash41,bamni41
avinash42,bamni42
avinash43,bamni43
avinash44,bamni44
avinash45,bamni45
avinash46,bamni46
avinash47,bamni47
avinash48,bamni48
avinash49,bamni49
avinash50,bamni50
avinash51,bamni51
avinash52,bamni52
avinash53,bamni53
avinash54,bamni54
avinash55,bamni55
avinash56,bamni56
avinash57,bamni57
avinash58,bamni58
avinash59,bamni59
avinash60,bamni60
avinash61,bamni61
avinash62,bamni62
avinash63,bamni63
avinash64,bamni64
avinash65,bamni65
avinash66,bamni66
avinash67,bamni67
avinash68,bamni68
avinash69,bamni69
avinash70,bamni70
avinash71,bamni71
avinash72,bamni72
avinash73,bamni73
avinash74,bamni74
avinash75,bamni75
avinash76,bamni76
avinash77,bamni77
avinash78,bamni78
avinash79,bamni79
avinash80,bamni80
avinash81,bamni81
avinash82,bamni82
avinash83,bamni83
avinash84,bamni84
avinash85,bamni85
avinash86,bamni86
avinash87,bamni87
avinash88,bamni88
avinash89,bamni89
avinash90,bamni90
avinash91,bamni91
avinash92,bamni92
avinash93,bamni93
avinash94,bamni94
avinash95,bamni95
avinash96,bamni96
avinash97,bamni97
avinash98,bamni98
avinash99,bamni99
avinash100,bamni100
avinash101,bamni101
avinash102,bamni102
avinash103,bamni103
avinash104,bamni104
avinash105,bamni105
avinash106,bamni106
avinash107,bamni107
avinash108,bamni108
avinash109,bamni109
avinash110,bamni110
avinash111,bamni111
avinash112,bamni112
avinash113,bamni113
avinash114,bamni114
avinash115,bamni115
avinash116,bamni116
avinash117,bamni117
avinash118,bamni118
avinash119,bamni119
avinash120,bamni120
avinash121,bamni121
avinash122,bamni122
avinash123,bamni123
avinash124,bamni124
avinash125,bamni125
avinash126,bamni126
avinash127,bamni127
avinash128,bamni128
avinash129,bamni129
avinash130,bamni130
avinash131,bamni131
avinash132,bamni132
avinash133,bamni133
avinash134,bamni134
avinash135,bamni135
avinash136,bamni136
avinash137,bamni137
avinash138,bamni138
avinash139,bamni139
avinash140,bamni140
avinash141,bamni141
avinash142,bamni142
avinash143,bamni143
avinash144,bamni144
avinash145,bamni145
avinash146,bamni146
avinash147,bamni147
avinash148,bamni148
avinash149,bamni149
avinash150,bamni150
avinash151,bamni151
avinash152,bamni152
avinash153,bamni153
avinash154,bamni154
avinash155,bamni155
avinash156,bamni156
avinash157,bamni157
avinash158,bamni158
avinash159,bamni159
avinash160,bamni160
avinash161,bamni161
avinash162,bamni162
avinash163,bamni163
avinash164,bamni164
avinash165,bamni165
avinash166,bamni166
avinash167,bamni167
avinash168,bamni168
avinash169,bamni169
avinash170,bamni170
avinash171,bamni171
avinash172,bamni172
avinash173,bamni173
avinash174,bamni174
avinash175,bamni175
avinash176,bamni176
avinash177,bamni177
avinash178,bamni178
avinash179,bamni179
avinash180,bamni180
avinash181,bamni181
avinash182,bamni182
avinash183,bamni183
avinash184,bamni184
avinash185,bamni185
avinash186,bamni186
avinash187,bamni187
avinash188,bamni188
avinash189,bamni189
avinash190,bamni190
avinash191,bamni191
avinash192,bamni192
avinash193,bamni193
avinash194,bamni194
avinash195,bamni195
avinash196,bamni196
avinash197,bamni197
avinash198,bamni198
avinash199,bamni199
avinash200,bamni200
avinash201,bamni201
avinash202,bamni202
avinash203,bamni203
avinash204,bamni204
avinash205,bamni205
avinash206,bamni206
avinash207,bamni207
avinash208,bamni208
avinash209,bamni209
avinash210,bamni210
avinash211,bamni211
avinash212,bamni212
avinash213,bamni213
avinash214,bamni214
avinash215,bamni215
avinash216,bamni216
avinash217,bamni217
avinash218,bamni218
avinash219,bamni219
avinash220,bamni220
avinash221,bamni221
avinash222,bamni222
avinash223,bamni223
avinash224,bamni224
avinash225,bamni225
avinash226,bamni226
avinash227,bamni227
avinash228,bamni228
avinash229,bamni229
avinash230,bamni230
avinash231,bamni231
avinash232,bamni232
avinash233,bamni233
avinash234,bamni234
avinash235,bamni235
avinash236,bamni236
avinash237,bamni237
avinash238,bamni238
avinash239,bamni239
avinash240,bamni240
avinash241,bamni241
avinash242,bamni242
avinash243,bamni243
avinash244,bamni244
avinash245,bamni245
avinash246,bamni246
avinash247,bamni247
avinash248,bamni248
avinash249,bamni249
avinash250,bamni250
avinash251,bamni251
avinash252,bamni252
avinash253,bamni253
avinash254,bamni254
avinash255,bamni255
avinash256,bamni256
avinash257,bamni257
avinash258,bamni258
avinash259,bamni259
avinash260,bamni260
avinash261,bamni261
avinash262,bamni262
avinash263,bamni263
avinash264,bamni264
avinash265,bamni265
avinash266,bamni266
avinash267,bamni267
avinash268,bamni268
avinash269,bamni269
avinash270,bamni270
avinash271,bamni271
avinash272,bamni272
avinash273,bamni273
avinash274,bamni274
avinash275,bamni275
avinash276,bamni276
avinash277,bamni277
avinash278,bamni278
avinash279,bamni279
avinash280,bamni280
avinash281,bamni281
avinash282,bamni282
avinash283,bamni283
avinash284,bamni284
avinash285,bamni285
avinash286,bamni286
avinash287,bamni287
avinash288,bamni288
avinash289,bamni289
avinash290,bamni290
avinash291,bamni291
avinash292,bamni292
avinash293,bamni293
avinash294,bamni294
avinash295,bamni295
avinash296,bamni296
avinash297,bamni297
avinash298,bamni298
avinash299,bamni299
avinash300,bamni300
avinash301,bamni301
avinash302,bamni302
avinash303,bamni303
avinash304,bamni304
avinash305,bamni305
avinash306,bamni306
avinash307,bamni307
avinash308,bamni308
avinash309,bamni309
avinash310,bamni310
avinash311,bamni311
avinash312,bamni312
avinash313,bamni313
avinash314,bamni314
avinash315,bamni315
avinash316,bamni316
avinash317,bamni317
avinash318,bamni318
avinash319,bamni319
avinash320,bamni320
avinash321,bamni321
avinash322,bamni322
avinash323,bamni323
avinash324,bamni324
avinash325,bamni325
avinash326,bamni326
avinash327,bamni327
avinash328,bamni328
avinash329,bamni329
avinash330,bamni330
avinash331,bamni331
avinash332,bamni332
avinash333,bamni333
avinash334,bamni334
avinash335,bamni335
avinash336,bamni336
avinash337,bamni337
avinash338,bamni338
avinash339,bamni339
avinash340,bamni340
avinash341,bamni341
avinash342,bamni342
avinash343,bamni343
avinash344,bamni344
avinash345,bamni345
avinash346,bamni346
avinash347,bamni347
avinash348,bamni348
avinash349,bamni349
avinash350,bamni350
avinash351,bamni351
avinash352,bamni352
avinash353,bamni353
avinash354,bamni354
avinash355,bamni355
avinash356,bamni356
avinash357,bamni357
avinash358,bamni358
avinash359,bamni359
avinash360,bamni360
avinash361,bamni361
avinash362,bamni362
avinash363,bamni363
avinash364,bamni364
avinash365,bamni365
avinash366,bamni366
avinash367,bamni367
avinash368,bamni368
avinash369,bamni369
avinash370,bamni370
avinash371,bamni371
avinash372,bamni372
avinash373,bamni373
avinash374,bamni374
avinash375,bamni375
avinash376,bamni376
avinash377,bamni377
avinash378,bamni378
avinash379,bamni379
avinash380,bamni380
avinash381,bamni381
avinash382,bamni382
avinash383,bamni383
avinash384,bamni384
avinash385,bamni385
avinash386,bamni386
avinash387,bamni387
avinash388,bamni388
avinash389,bamni389
avinash390,bamni390
avinash391,bamni391
avinash392,bamni392
avinash393,bamni393
avinash394,bamni394
avinash395,bamni395
avinash396,bamni396
avinash397,bamni397
avinash398,bamni398
avinash399,bamni399
avinash400,bamni400
avinash401,bamni401
avinash402,bamni402
avinash403,bamni403
avinash404,bamni404
avinash405,bamni405
avinash406,bamni406
avinash407,bamni407
avinash408,bamni408
avinash409,bamni409
avinash410,bamni410
avinash411,bamni411
avinash412,bamni412
avinash413,bamni413
avinash414,bamni414
avinash415,bamni415
avinash416,bamni416
avinash417,bamni417
avinash418,bamni418
avinash419,bamni419
avinash420,bamni420
avinash421,bamni421
avinash422,bamni422
avinash423,bamni423
avinash424,bamni424
avinash425,bamni425
avinash426,bamni426
avinash427,bamni427
avinash428,bamni428
avinash429,bamni429
avinash430,bamni430
avinash431,bamni431
avinash432,bamni432
avinash433,bamni433
avinash434,bamni434
avinash435,bamni435
avinash436,bamni436
avinash437,bamni437
avinash438,bamni438
avinash439,bamni439
avinash440,bamni440
avinash441,bamni441
avinash442,bamni442
avinash443,bamni443
avinash444,bamni444
avinash445,bamni445
avinash446,bamni446
avinash447,bamni447
avinash448,bamni448
avinash449,bamni449
avinash450,bamni450
avinash451,bamni451
avinash452,bamni452
avinash453,bamni453
avinash454,bamni454
avinash455,bamni455
avinash456,bamni456
avinash457,bamni457
avinash458,bamni458
avinash459,bamni459
avinash460,bamni460
avinash461,bamni461
avinash462,bamni462
avinash463,bamni463
avinash464,bamni464
avinash465,bamni465
avinash466,bamni466
avinash467,bamni467
avinash468,bamni468
avinash469,bamni469
avinash470,bamni470
avinash471,bamni471
avinash472,bamni472
avinash473,bamni473
avinash474,bamni474
avinash475,bamni475
avinash476,bamni476
avinash477,bamni477
avinash478,bamni478
avinash479,bamni479
avinash480,bamni480
avinash481,bamni481
avinash482,bamni482
avinash483,bamni483
avinash484,bamni484
avinash485,bamni485
avinash486,bamni486
avinash487,bamni487
avinash488,bamni488
avinash489,bamni489
avinash490,bamni490
avinash491,bamni491
avinash492,bamni492
avinash493,bamni493
avinash494,bamni494
avinash495,bamni495
avinash496,bamni496
avinash497,bamni497
avinash498,bamni498
avinash499,bamni499
avinash500,bamni500
avinash501,bamni501
avinash502,bamni502
avinash503,bamni503
avinash504,bamni504
avinash505,bamni505
avinash506,bamni506
avinash507,bamni507
avinash508,bamni508
avinash509,bamni509
avinash510,bamni510
avinash511,bamni511
avinash512,bamni512
avinash513,bamni513
avinash514,bamni514
avinash515,bamni515
avinash516,bamni516
avinash517,bamni517
avinash518,bamni518
avinash519,bamni519
avinash520,bamni520
avinash521,bamni521
avinash522,bamni522
avinash523,bamni523
avinash524,bamni524
avinash525,bamni525
avinash526,bamni526
avinash527,bamni527
avinash528,bamni528
avinash529,bamni529
avinash530,bamni530
avinash531,bamni531
avinash532,bamni532
avinash533,bamni533
avinash534,bamni534
avinash535,bamni535
avinash536,bamni536
avinash537,bamni537
avinash538,bamni538
avinash539,bamni539
avinash540,bamni540
avinash541,bamni541
avinash542,bamni542
avinash543,bamni543
avinash544,bamni544
avinash545,bamni545
avinash546,bamni546
avinash547,bamni547
avinash548,bamni548
avinash549,bamni549
avinash550,bamni550
avinash551,bamni551
avinash552,bamni552
avinash553,bamni553
avinash554,bamni554
avinash555,bamni555
avinash556,bamni556
avinash557,bamni557
avinash558,bamni558
avinash559,bamni559
avinash560,bamni560
avinash561,bamni561
avinash562,bamni562
avinash563,bamni563
avinash564,bamni564
avinash565,bamni565
avinash566,bamni566
avinash567,bamni567
avinash568,bamni568
avinash569,bamni569
avinash570,bamni570
avinash571,bamni571
avinash572,bamni572
avinash573,bamni573
avinash574,bamni574
avinash575,bamni575
avinash576,bamni576
avinash577,bamni577
avinash578,bamni578
avinash579,bamni579
avinash580,bamni580
avinash581,bamni581
avinash582,bamni582
avinash583,bamni583
avinash584,bamni584
avinash585,bamni585
avinash586,bamni586
avinash587,bamni587
avinash588,bamni588
avinash589,bamni589
avinash590,bamni590
avinash591,bamni591
avinash592,bamni592
avinash593,bamni593
avinash594,bamni594
avinash595,bamni595
avinash596,bamni596
avinash597,bamni597
avinash598,bamni598
avinash599,bamni599
avinash600,bamni600
avinash601,bamni601
avinash602,bamni602
avinash603,bamni603
avinash604,bamni604
avinash605,bamni605
avinash606,bamni606
avinash607,bamni607
avinash608,bamni608
avinash609,bamni609
avinash610,bamni610
avinash611,bamni611
avinash612,bamni612
avinash613,bamni613
avinash614,bamni614
avinash615,bamni615
avinash616,bamni616
avinash617,bamni617
avinash618,bamni618
avinash619,bamni619
avinash620,bamni620
avinash621,bamni621
avinash622,bamni622
avinash623,bamni623
avinash624,bamni624
avinash625,bamni625
avinash626,bamni626
avinash627,bamni627
avinash628,bamni628
avinash629,bamni629
avinash630,bamni630
avinash631,bamni631
avinash632,bamni632
avinash633,bamni633
avinash634,bamni634
avinash635,bamni635
avinash636,bamni636
avinash637,bamni637
avinash638,bamni638
avinash639,bamni639
avinash640,bamni640
avinash641,bamni641
avinash642,bamni642
avinash643,bamni643
avinash644,bamni644
avinash645,bamni645
avinash646,bamni646
avinash647,bamni647
avinash648,bamni648
avinash649,bamni649
avinash650,bamni650
avinash651,bamni651
avinash652,bamni652
avinash653,bamni653
avinash654,bamni654
avinash655,bamni655
avinash656,bamni656
avinash657,bamni657
avinash658,bamni658
avinash659,bamni659
avinash660,bamni660
avinash661,bamni661
avinash662,bamni662
avinash663,bamni663
avinash664,bamni664
avinash665,bamni665
avinash666,bamni666
avinash667,bamni667
avinash668,bamni668
avinash669,bamni669
avinash670,bamni670
avinash671,bamni671
avinash672,bamni672
avinash673,bamni673
avinash674,bamni674
avinash675,bamni675
avinash676,bamni676
avinash677,bamni677
avinash678,bamni678
avinash679,bamni679
avinash680,bamni680
avinash681,bamni681
avinash682,bamni682
avinash683,bamni683
avinash684,bamni684
avinash685,bamni685
avinash686,bamni686
avinash687,bamni687
avinash688,bamni688
avinash689,bamni689
avinash690,bamni690
avinash691,bamni691
avinash692,bamni692
avinash693,bamni693
avinash694,bamni694
avinash695,bamni695
avinash696,bamni696
avinash697,bamni697
avinash698,bamni698
avinash699,bamni699
avinash700,bamni700
avinash701,bamni701
avinash702,bamni702
avinash703,bamni703
avinash704,bamni704
avinash705,bamni705
avinash706,bamni706
avinash707,bamni707
avinash708,bamni708
avinash709,bamni709
avinash710,bamni710
avinash711,bamni711
avinash712,bamni712
avinash713,bamni713
avinash714,bamni714
avinash715,bamni715
avinash716,bamni716
avinash717,bamni717
avinash718,bamni718
avinash719,bamni719
avinash720,bamni720
avinash721,bamni721
avinash722,bamni722
avinash723,bamni723
avinash724,bamni724
avinash725,bamni725
avinash726,bamni726
avinash727,bamni727
avinash728,bamni728
avinash729,bamni729
avinash730,bamni730
avinash731,bamni731
avinash732,bamni732
avinash733,bamni733
avinash734,bamni734
avinash735,bamni735
avinash736,bamni736
avinash737,bamni737
avinash738,bamni738
avinash739,bamni739
avinash740,bamni740
avinash741,bamni741
avinash742,bamni742
avinash743,bamni743
avinash744,bamni744
avinash745,bamni745
avinash746,bamni746
avinash747,bamni747
avinash748,bamni748
avinash749,bamni749
avinash750,bamni750
avinash751,bamni751
avinash752,bamni752
avinash753,bamni753
avinash754,bamni754
avinash755,bamni755
avinash756,bamni756
avinash757,bamni757
avinash758,bamni758
avinash759,bamni759
avinash760,bamni760
avinash761,bamni761
avinash762,bamni762
avinash763,bamni763
avinash764,bamni764
avinash765,bamni765
avinash766,bamni766
avinash767,bamni767
avinash768,bamni768
avinash769,bamni769
avinash770,bamni770
avinash771,bamni771
avinash772,bamni772
avinash773,bamni773
avinash774,bamni774
avinash775,bamni775
avinash776,bamni776
avinash777,bamni777
avinash778,bamni778
avinash779,bamni779
avinash780,bamni780
avinash781,bamni781
avinash782,bamni782
avinash783,bamni783
avinash784,bamni784
avinash785,bamni785
avinash786,bamni786
avinash787,bamni787
avinash788,bamni788
avinash789,bamni789
avinash790,bamni790
avinash791,bamni791
avinash792,bamni792
avinash793,bamni793
avinash794,bamni794
avinash795,bamni795
avinash796,bamni796
avinash797,bamni797
avinash798,bamni798
avinash799,bamni799
avinash800,bamni800
avinash801,bamni801
avinash802,bamni802
avinash803,bamni803
avinash804,bamni804
avinash805,bamni805
avinash806,bamni806
avinash807,bamni807
avinash808,bamni808
avinash809,bamni809
avinash810,bamni810
avinash811,bamni811
avinash812,bamni812
avinash813,bamni813
avinash814,bamni814
avinash815,bamni815
avinash816,bamni816
avinash817,bamni817
avinash818,bamni818
avinash819,bamni819
avinash820,bamni820
avinash821,bamni821
avinash822,bamni822
avinash823,bamni823
avinash824,bamni824
avinash825,bamni825
avinash826,bamni826
avinash827,bamni827
avinash828,bamni828
avinash829,bamni829
avinash830,bamni830
avinash831,bamni831
avinash832,bamni832
avinash833,bamni833
avinash834,bamni834
avinash835,bamni835
avinash836,bamni836
avinash837,bamni837
avinash838,bamni838
avinash839,bamni839
avinash840,bamni840
avinash841,bamni841
avinash842,bamni842
avinash843,bamni843
avinash844,bamni844
avinash845,bamni845
avinash846,bamni846
avinash847,bamni847
avinash848,bamni848
avinash849,bamni849
avinash850,bamni850
avinash851,bamni851
avinash852,bamni852
avinash853,bamni853
avinash854,bamni854
avinash855,bamni855
avinash856,bamni856
avinash857,bamni857
avinash858,bamni858
avinash859,bamni859
avinash860,bamni860
avinash861,bamni861
avinash862,bamni862
avinash863,bamni863
avinash864,bamni864
avinash865,bamni865
avinash866,bamni866
avinash867,bamni867
avinash868,bamni868
avinash869,bamni869
avinash870,bamni870
avinash871,bamni871
avinash872,bamni872
avinash873,bamni873
avinash874,bamni874
avinash875,bamni875
avinash876,bamni876
avinash877,bamni877
avinash878,bamni878
avinash879,bamni879
avinash880,bamni880
avinash881,bamni881
avinash882,bamni882
avinash883,bamni883
avinash884,bamni884
avinash885,bamni885
avinash886,bamni886
avinash887,bamni887
avinash888,bamni888
avinash889,bamni889
avinash890,bamni890
avinash891,bamni891
avinash892,bamni892
avinash893,bamni893
avinash894,bamni894
avinash895,bamni895
avinash896,bamni896
avinash897,bamni897
avinash898,bamni898
avinash899,bamni899
avinash900,bamni900
avinash901,bamni901
avinash902,bamni902
avinash903,bamni903
avinash904,bamni904
avinash905,bamni905
avinash906,bamni906
avinash907,bamni907
avinash908,bamni908
avinash909,bamni909
avinash910,bamni910
avinash911,bamni911
avinash912,bamni912
avinash913,bamni913
avinash914,bamni914
avinash915,bamni915
avinash916,bamni916
avinash917,bamni917
avinash918,bamni918
avinash919,bamni919
avinash920,bamni920
avinash921,bamni921
avinash922,bamni922
avinash923,bamni923
avinash924,bamni924
avinash925,bamni925
avinash926,bamni926
avinash927,bamni927
avinash928,bamni928
avinash929,bamni929
avinash930,bamni930
avinash931,bamni931
avinash932,bamni932
avinash933,bamni933
avinash934,bamni934
avinash935,bamni935
avinash936,bamni936
avinash937,bamni937
avinash938,bamni938
avinash939,bamni939
avinash940,bamni940
avinash941,bamni941
avinash942,bamni942
avinash943,bamni943
avinash944,bamni944
avinash945,bamni945
avinash946,bamni946
avinash947,bamni947
avinash948,bamni948
avinash949,bamni949
avinash950,bamni950
avinash951,bamni951
avinash952,bamni952
avinash953,bamni953
avinash954,bamni954
avinash955,bamni955
avinash956,bamni956
avinash957,bamni957
avinash958,bamni958
avinash959,bamni959
avinash960,bamni960
avinash961,bamni961
avinash962,bamni962
avinash963,bamni963
avinash964,bamni964
avinash965,bamni965
avinash966,bamni966
avinash967,bamni967
avinash968,bamni968
avinash969,bamni969
avinash970,bamni970
avinash971,bamni971
avinash972,bamni972
avinash973,bamni973
avinash974,bamni974
avinash975,bamni975
avinash976,bamni976
avinash977,bamni977
avinash978,bamni978
avinash979,bamni979
avinash980,bamni980
avinash981,bamni981
avinash982,bamni982
avinash983,bamni983
avinash984,bamni984
avinash985,bamni985
avinash986,bamni986
avinash987,bamni987
avinash988,bamni988
avinash989,bamni989
avinash990,bamni990
avinash991,bamni991
avinash992,bamni992
avinash993,bamni993
avinash994,bamni994
avinash995,bamni995
avinash996,bamni996
avinash997,bamni997
avinash998,bamni998
avinash999,bamni999
avinash1000,bamni1000
avinash1001,bamni1001
avinash1002,bamni1002
avinash1003,bamni1003
avinash1004,bamni1004
avinash1005,bamni1005
avinash1006,bamni1006
avinash1007,bamni1007
avinash1008,bamni1008
avinash1009,bamni1009
avinash1010,bamni1010
avinash1011,bamni1011
